city_id,city_name
18368,A Coruña
11767,Aabenraa
243,Aachen
7078,Aalborg
5338,Aarhus
47161,Abdipaşa
30611,Abrantes
10878,Achim
26531,Acireale
20948,Acri
40131,Acıgöl
40161,Afyon
8528,Agen
14758,Agrigento
10948,Agropoli
30321,Agueda
2248,Ahlbeck
3778,Aichach
47571,"Aiken, SC"
12108,Aiud
3878,Aix-en-Provence
16338,Aix-les-Bains
40211,Akdağmadeni
40221,Akhisar
40231,Aksaray
40251,Akyaka
40181,Akçaabat
40191,Akçakoca
40201,Akçay - Balıkesir
44821,Akçay - Samsun
40241,Akşehir
40261,Alaca
40281,Alanya
40291,Alaplı
40301,Alaşehir
30001,Alba Adriatica
12118,Alba Iulia
13678,Albergaria-a-Velha
13328,Alberobello
18318,Albufeira
30941,Aldeanueva del Camino
30261,Aldeia da Ponte
43631,Aleksinac
5868,Alessandria
15148,Alexandria
30271,Alfaiates
40311,Aliağa
25301,Alicante
47221,Alifuatpaşa
47061,Alingsås
27801,Almada
116,Alsfeld
9348,Altamura
40331,Altınoluk
46531,Altınova (Ayvalık)
43401,Alytus
26791,Amantea
13688,Amarante
40361,Amasra
40371,Amasya
31171,Amavida
3898,Amiens
1334,Amsterdam
1715,Amstetten
30311,Anadia
20238,"Anaheim, CA"
3018,Ancona
9358,Andria
3908,Angers
40381,Ankara
2238,Anklam
3928,Annecy
22838,Annemasse
40391,Antalya
2468,Antwerp
9518,Aosta
10358,Aprilia
6318,Arad
40411,Araklı
40401,Araç
30641,Arco de Baúlhe
13698,Arcos de Valdevez
40641,Ardeşen
9298,Arezzo
28191,Argelès-sur-mer
41502,Arhavi
46751,Arkadia
10397,Arlon
14298,Arpajon
47431,Artova
41512,Artvin
258,Aschaffenburg
12898,Ascoli Piceno
10367,Assisi
37261,"Atlanta, GA"
1735,Attnang-Puchheim
137,Augsburg
26081,Augusta
47551,"Augusta, GA"
25671,Augustów
22578,Auray
26991,"Austin, TX"
3978,Auxerre
40441,Avanos
13708,Aveiro
10408,Avellino
30851,"Avenal, CA"
12748,Avetrana
10978,Avezzano
4018,Avignon
21848,Avila
4028,Avranches
40451,Aydın
41522,Ayvalık
40171,Ağrı
40431,Aşkale
27181,Babina Greda
15158,Bacău
283,Bad Salzuflen
289,Bad Wörishofen
15998,Badajoz
291,Baden-Baden
20248,"Bakersfield, CA"
9618,Bale
27831,"Baltimore, MD"
41542,Balıkesir
15178,Balș
149,Bamberg
40651,Banaz
41552,Bandırma
6328,Banja Luka
2258,Bansin
12058,Banská Bystrica
28281,Bar
37491,Baranowicze
16628,Barban
5178,Barcelona
23781,Barcelona El Prat Airport
18878,Bardejov
3048,Bari
8648,Barletta
20788,"Barstow, CA"
41562,Bartın
1504,Basel
8148,Basel EuroAirport
8608,Bastogne
26301,"Baton Rouge, LA"
10928,Battipaglia
33311,Bauska
1044,Bautzen
43591,Bayburt
3238,Bayonne
124,Bayreuth
30961,Baños de Montemayor
44011,Bačka Topola
9988,Baška
28641,"Beaumont, TX"
16208,Beaune
15188,Beclean
17858,Bedenica
47491,Bedřichov
30971,Bejar
40661,Belek
4058,Belfort
16768,Belgrade
12468,Bellegarde-sur-Valserine
45811,"Bellevue, WA"
45771,"Bellingham, WA"
1524,Bellinzona
44611,Belovar
28311,Belvedere Marittimo
13528,Benavente
16938,Benesov
10418,Benevento
27551,Benidorm
46011,Berane
43501,Bergama
5438,Bergamo
23671,Bergamo Orio al Serio Airport
122,Bergen (Celle)
24841,Berinovac
88,Berlin
3158,Bern
4068,Besançon
24071,Bettolle
41572,Beyşehir
47241,Beşevler
40671,Beşikdüzü
3268,Biarritz
23228,Biała Podlaska
37641,Białka Tatrzańska
25731,Białystok
26401,Bibbona-Bolgheri
9858,Bibinje
45711,Bibići
302,Bielefeld
39521,Bielsk Podlaski
41582,Biga
35941,Bihać
45701,Bijažići
46051,Bijelo Polje
5188,Bilbao
41592,Bilecik
47001,Bileća
26311,"Biloxi, MS"
30741,Binderup
39401,"Binghamton, NY"
41602,Bingöl
6338,Biograd
14668,Birmingham
45431,Bisag
13278,Bisceglie
20968,Bisignano
15108,Bistrița
41612,Bitlis
38491,Bitola
12808,Bitonto
22788,Bivio Cantinella
22378,Blankaholm
45391,Blaževdol
8888,Bled
16308,Blois
22508,"Blythe, CA"
46191,Bobolice
132,Bochum
41622,Bodrum
6048,Bohumín
23108,Bolesławiec
10998,Bollène
2998,Bologna
41632,Bolu
40681,Bolvadin
309,Bonn
10508,Borca di Cadore
3288,Bordeaux
27191,Borovo
6648,Borås
44661,Borçka
9828,Bosiljevo
32841,"Boston, MA"
15208,Botoșani
26821,Botricello
3808,Bourges
40691,Boyabat
47251,Boyalıca
1675,Bozen (Bolzano)
41652,Bozüyük
46251,Božejov
46591,Bradford
13728,Braga
13518,Bragança
1745,Bratislava
25241,Bratislava Airport
6358,Brașov
3308,Breda
1021,Bregenz
169,Bremen
2918,Brescia
19568,Bressanone
4118,Brest
23218,Brest (BY)
45441,Breznica
40051,Breznički Hum
36821,Brezno
47351,Bridgend
5488,Brindisi
43131,Bristol
5018,Brive-la-Gaillarde
45721,Brkići
9638,Brno
13228,Brod
16578,Brseč
25131,Brtnice
3318,Bruges
123,Brunswick
1785,Brussels
23711,Brussels Airport
24291,Brzeg
15218,Brăila
17958,Brčko
9998,Bršadin
41662,Bucak
6378,Bucharest
28741,Bucharest Airport
1795,Budapest
25271,Budapest Airport
29451,Budva
39431,"Buffalo, NY"
35921,Bugojno
9628,Buje
21998,Bukovlje
37631,Bukowina Tatrzańska
41672,Bulancak
40701,Buldan
15298,Bumbești-Jiu
32121,Buniel
41682,Burdur
13538,Burgos
41692,Burhaniye
41702,Bursa
22108,Busko-Zdrój
17678,Busovača
20118,Busto Arsizio
15238,Buzău
1775,Bydgoszcz
6098,Bystřice
34751,Bytów
28691,Bánovce nad Bebravou
15198,Bârlad
3258,Béziers
15168,Băile Herculane
13238,Cabourg
22588,Caceres
4138,Caen
13478,Cahors
25321,Calafat
13738,Caldas da Rainha
20988,Calopezzati
14778,Caltanissetta
16868,Campobasso
24181,Canicattì
4178,Cannes
47091,Capbreton - Hossegor
15268,Caracal
15278,Caransebeș
4008,Carcassonne
46691,Cardiff
18458,Cariati
30451,Casamassima
31061,Casas del Puerto
27511,Cascais
8098,Caserta
10758,Cassino
38741,Castellammare di Stabia
27531,Castellon de la Plana
13748,Castelo Branco
26251,Castelvetrano
47101,Castets
47881,Castrovillari-Frascineto
14788,Catania
14798,Catanzaro
13368,Cattolica
35801,Cazin
27211,"Cedar City, UT"
12718,Ceglie Messapica
119,Celle
13758,Celorico da Beira
8668,Cerignola
15288,Cernavodă
44521,Cervera
12968,Cervia
8768,Cesena
12978,Cesenatico
46061,Cetinje
26771,Cetraro
4198,Chalon-sur-Saône
3338,Chambéry
13088,Chamonix-Mont-Blanc
39581,"Charlotte, NC"
16108,Chateaulin
11088,Chatillon
13768,Chaves
5368,Cheb
170,Chemnitz
44551,Chernivtsі
47961,Chester
10798,Chieti
35781,Chisinau
13428,Chivasso
27011,Chojnice
23168,Chomutov
44061,Chrudim
1494,Chur
4188,Châlons-en-champagne
14348,Château-Thierry
26931,Chłapowo
40781,Cide
21818,Ciechocinek
22128,Cieszyn
41752,Cihanbeyli
45581,Cirkovljan
18468,Cirò Marina
24711,Cista Provo
8758,Civitanova Marche
3138,Clermont-Ferrand
12148,Cluj-Napoca
135,Coblenz
36611,"Coeur d'Alene, ID"
13778,Coimbra
3358,Colmar
107,Cologne
12388,Como
18748,Compiègne
7878,Concarneau
90,Constance
15308,Constanța
1905,Copenhagen
22268,Copenhagen Airport (Kastrup)
12778,Corato
14808,Corigliano
10528,Cortina d'Ampezzo
36511,"Corvallis, OR"
14818,Cosenza
340,Cottbus
9508,Courmayeur
13798,Covilhã
15118,Craiova
12928,Cremona
6388,Crikvenica
26811,Cropani
18478,Crotone
21728,Cupra Marittima
21228,Cutro
28601,Czarna Górna
28171,Czorsztyn
9798,Częstochowa
27031,Człuchów
15248,Câmpia Turzii
15258,Câmpulung Moldovenesc
15228,Călărași
2288,Dahme
40811,Dalaman
26951,"Dallas, TX"
40821,Darende
97,Darmstadt
40851,Datça
28771,"Davis, CA"
14358,Dax
4258,Deauville
38581,Debar
15318,Dej
3378,Delft
921,Delmenhorst
14648,Delnice
5038,Den Bosch (‘s-Hertogenbosch)
41792,Denizli
46571,Derby
44391,Derepazarı
13168,Derventa
47481,Desná
8468,Dessau
6398,Deva
41802,Devrek
26561,Diamante
41812,Didim
4268,Dieppe
14368,Differdange
3398,Dijon
40831,Dikili
40841,Dinar
13178,Doboj
9538,Dole
47761,Dolní Dvořiště
12078,Dolný Kubín
25411,Donaueschingen
45631,Donja Dubrava
44631,Donja Zelina
21978,Donji Andrijevci
45601,Donji Mihaljevec
10158,Donji Miholjac
44371,Donji Milanovac
45541,Donji Pustakovec
17698,Donji Vakuf
26411,Donoratico-Castagneto Carducci
12068,Donovaly
131,Dortmund
8118,Drachten
40071,Drač
45591,Draškovec
355,Dresden
15328,Drobeta-Turnu Severin
33411,Druskininkai
24701,Drvenik
24781,Dubci
9698,Dubrovnik
24791,Dugi Rat
10278,Dugopolje
200,Duisburg
4308,Dunkerque
39621,"Durham, NC"
24361,Duszniki-Zdrój
108,Düsseldorf
41832,Düzce
33601,Dębica
47171,Dębki
39751,Dźwirzyno
10958,Eboli
41852,Edremit
5078,Eindhoven
361,Eisenach
20738,"El Centro, CA"
31161,El Fresno
41862,Elazığ
18578,Elblag
40871,Eleşkirt
36551,"Ellensburg, WA"
40881,Elmadağ
44961,Elmalık (Bolu)
40891,Emet
40901,Emirdağ
19098,Empoli
2448,Engen
24171,Enna
41872,Erbaa
41882,Erciş
26541,Ercolano
40911,Erdek
41902,Ereğli-Kdz
40921,Erfelek
372,Erfurt
150,Erlangen
41922,Erzincan
41932,Erzurum
7118,Esbjerg
14378,Esch-sur-Alzette
20628,"Escondido, CA"
41942,Eskişehir
47371,Eskişehir TCDD Gar
40941,Espiye
13808,Esposende
134,Essen
36521,"Eugene, OR"
36561,"Everett, WA"
21898,Evora
44841,Eynesil
40951,Ezine
40861,Eğirdir
25631,Ełk
13818,Fafe
6808,Falkenberg
46471,Falköping
18328,Faro
12698,Fasano
41952,Fatsa
47601,"Fayetteville, NC"
5418,Ferrara
15348,Fetești
41962,Fethiye
13848,Figueira da Foz
15368,Filiași
40961,Finike
23138,Firmo
21018,Fisciano
20638,"Flagstaff, AZ"
1845,Florence
47581,"Florence, SC"
15358,Focșani
3038,Foggia
9418,Follonica
5848,Forbach
36631,"Fort Lauderdale, FL"
39861,"Fort Myers, FL"
39901,"Fort Pierce, FL"
26941,"Fort Worth, TX"
47031,Foča
12728,Francavilla Fontana
96,Frankfurt
8498,Frankfurt (Oder)
120,Frankfurt Airport
1855,Frankfurt Hahn
92,Freiburg (i.Br.)
20188,"Fresno, CA"
387,Freudenstadt
17068,Freyung
362,Fribourg (Suisse)
93,Friedrichshafen
9678,Frosinone
43691,Frymburk
16078,Fréjus
389,Fulda
13868,Fundão
13828,Fátima
22398,Fårbo
4348,Fécamp
8318,Fürth
6408,Făgăraș
15338,Fălticeni
44401,Fındıklı
47011,Gacko
16748,Gajana Vodnjan
15398,Galați
28801,Galdo
16528,Galižana
12768,Gallipoli
22368,Gamleby
27541,Gandia
9468,Gardaland
971,Garmisch-Partenkirchen
21988,Garčin
1815,Gdańsk
7578,Gdynia
41992,Gebze
40971,Gelibolu
1144,Gelsenkirchen
42002,Gemlik
3298,Geneva
23811,Geneva Airport
3118,Genoa
1084,Gera
40981,Gerze
40991,Gevaş
41001,Geyikli
2738,Ghent
15388,Gherla
407,Gießen
13878,Ginjal
13308,Gioia del Colle
24131,Gioia Tauro
42012,Giresun
5228,Girona
23791,Girona Airport
10908,Giulianova
12158,Giurgiu
7608,Gliwice
45981,Golubac
47041,Goražde
44621,Goričica
10078,Gornja Vrba
29711,Gornji Kneginec
44271,Gornji Milanovac
22198,Gorzów Wielkopolski
9708,Gospić
38531,Gostivar
6638,Gothenburg
16898,Gothenburg Airport (Landvetter)
6348,Gradiška
10008,Gradište
25641,Grajewo
22658,Granada
46321,"Grand Canyon (West Rim), AZ"
10688,Gravina in Puglia
1605,Graz
39611,"Greensboro, NC"
39601,"Greenville, SC"
417,Greifswald
3988,Grenoble
1404,Groningen
5458,Grosseto
13258,Grottaglie
10568,Grottaminarda
21738,Grottammare
2898,Groß Särchen
24831,Grubine
9168,Grude
23128,Grudziądz
11708,Gryfów Śląski
39771,Grzybowo
22448,Gränna
2298,Grömitz
13888,Guarda
28341,Guardia Piemontese
13898,Guimarães
4388,Guingamp
15408,Gura Humorului
1875,Györ
41011,Gökçebey
42022,Gölcük
45131,Gömeç
42032,Gönen
41051,Görele
41021,Göreme
3408,Görlitz
128,Göttingen
41031,Gülşehir
41041,Gümüldür
42052,Gümüşhane
41061,Güroymak
41071,Gürün
429,Gütersloh
42841,Güvercinlik
15378,Găești
41081,Hacıbektaş
7488,Haderslev
44971,Hafik
14408,Hagondange
152,Halle
46481,Hallsberg
6668,Halmstad
118,Hamburg
436,Hamm
437,Hanau
25791,Handlová
146,Hanover
30171,Harkány
24621,Harrachov
39821,"Hartford, CT"
44111,Havlíčkův Brod
41091,Havza
47291,Hayrettin
98,Heidelberg
110,Heilbronn
10868,Heiligenhafen
448,Helmstedt
6678,Helsingborg
39571,Hendaye
47611,"Henderson, NC"
14598,Herceg Novi
2268,Heringsdorf
7188,Herning
30951,Hervas
129,Hildesheim
1574,Himmelkron
45001,Hisarcık
25691,Hliník nad Hronom
47721,Hluboká nad Vltavou
25891,Hodkovice nad Mohelkou
1104,Hof
47991,"Hollywood, FL"
16418,Holstebro
471,Homburg
4398,Honfleur
41101,Hopa
45011,Horasan
30121,Horní Vltavice
7048,Horsens
26271,"Houston, TX"
3458,Hoyerswerda
15868,Hradec Králové
5998,Hranice na Moravě
45411,Hrastje
45661,Hrboki
29731,Hreljići
33791,Hrubieszów
18358,Huelva
5968,Hulín
28671,Humenné
25111,Humpolec
15428,Hunedoara
39561,"Huntsville, TX"
41111,Hüyük
15438,Iași
44691,Ilgaz
42072,Ilgın
13908,Ilhavo
27171,Ilok
9068,Imotski
12838,Imperia
18738,Incarville
479,Ingolstadt
1001,Innsbruck
16158,Interlaken
36701,Irig
13558,Irun
36331,"Irvine, CA"
13408,Isernia
47841,"Islamorada, FL"
37321,Isola di Capo Rizzuto
42112,Isparta
1344,Isselburg
39541,"Ithaca, NY"
44571,Ivano-Frankivsk
18988,Ivrea
16538,Ičići
24281,Iłowa
24661,Jablonec nad Nisou
31911,Jaen
17708,Jajce
47501,Janov nad Nisou
34431,Janów Lubelski
46271,Jarošov
39761,Jastrowie
26921,Jastrzębia Góra
22148,Jastrzębie-Zdrój
19458,Jasło
11718,Jelenia Góra
43411,Jelgava
38641,Jelšava
484,Jena
19178,Jesolo
6248,Jihlava
25991,Jindřichův Hradec
23178,Jirkov
45841,Jurići
45691,Juršići
6688,Jönköping
3098,Kahla
174,Kaiserslautern
13198,Kakanj
45111,Kale
41171,Kalkan
6818,Kalmar
46261,Kamenice nad Lipou
24861,Kamenjak
24821,Kamenmost
47731,Kamenný Újezd
42162,Karabük
42172,Karacabey
45911,Karakoçan
43051,Karamürsel
45161,Kargalıyeniköy (Taytem)
45071,Kargı
16678,Karlobag
6418,Karlovac
5358,Karlovy Vary
11908,Karlskoga
109,Karlsruhe
6698,Karlstad
22748,Karpacz
30731,Karup
6068,Karviná
26911,Karwia
491,Kassel
42202,Kastamonu
1885,Katowice
33351,Kaunas
41191,Kavak
41201,Kayaş
47301,Kaynarca (Bursa)
42212,Kayseri
46971,Kałuszyn
42192,Kaş
20878,Kaštela
105,Kehl
41221,Kemer
47861,"Key West, FL"
41211,Keçiborlu
42222,Keşan
45171,Keşap
36451,Khmelnytskyi
498,Kiel
18628,Kielce
20708,"Kingman, AZ"
16238,Kiseljak
38521,Kičevo
44381,Kladovo
1895,Klagenfurt
1685,Klausen (Chiusa)
2878,Kleinwelka
24851,Kljenovac
28161,Kluszkowce
9088,Knin
42262,Kocaeli
46031,Kolašin
34331,Kolbuszowa
5318,Kolding
7698,Kolobrzeg
44561,Kolomyia
5918,Kolín
45421,Komin
22218,Konin
35891,Konjic
42272,Konya
8968,Koper
10208,Koprivnica
9098,Korenica
42132,Korkuteli
25401,Korswandt
19038,Kortrijk
18058,Koserow
47451,Kosmonosy
7628,Koszalin
14628,Kotor
45641,Kotoriba
41231,Kovancılar
41251,Kozcağız
42831,Kozlu
24641,Kořenov
34241,Kościerzyna
6208,Košice
29741,Kožino
1915,Kraków
24591,Kraków Airport
16708,Kraljevica
34071,Krasnystaw
19468,Kraśnik
509,Krefeld
11928,Kristinehamn
24741,Krivodol
45871,Križ
9968,Krk
10298,Krnjak
27381,Krosno
28141,Krościenko nad Dunajcem
46341,Krucemburk
46001,Kruševac
22098,Krynica Morska
18678,Krynica-Zdroj
46221,Krátká Ves
30111,Kubova Huť
24371,Kudowa-Zdrój
16468,Kukaleta
47111,Kula (RS)
41271,Kula (TR)
42552,Kulu
16828,Kumanovo
45371,Kumla
42562,Kumluca
43811,Kupferzell/ Hohenlohe
35811,Kupres
45481,Kuršanec
8998,Kutina
42572,Kuşadası
15898,Kyiv
6198,Kysak
18028,Kölpinsee
2888,Königswartha
41241,Köyceğiz
45211,Köşk
45381,Kümbet (Seyitgazi)
42292,Kütahya
41261,Küçükkuyu
22088,Kąty Rybackie
42242,Kırıkkale
42252,Kırşehir
24341,Kłodzko
46401,Křižanov
8828,L'Aquila
38411,La Roche Sur Foron
13138,La Roche sur Yon
3478,La Rochelle
31151,La Serrada
7948,La Spezia
31101,La Torre
16718,Labin
28661,"Lafayette, LA"
26591,Lagonegro
25741,Lagos
28651,"Lake Charles, LA"
39851,"Lakeland, FL"
6428,Laktaši
30361,Lamego
14828,Lamezia Terme
1645,Lana
18828,Lanciano
19428,Langres
41281,Lapseki
20288,"Las Vegas, NV"
3148,Lausanne
4428,Laval
10678,Lavello
44261,Lazarevac
37301,Le Castella
4438,Le Havre
4448,Le Mans
45821,"Leavenworth /Peshastin, WA"
5498,Lecce
43121,Leeds
530,Leer
7648,Legnica
46541,Leicester
113,Leipzig
13918,Leiria
22828,Leoben
31951,Leon
20018,Lesina
27301,Lesko
18658,Leszno
47681,Lety
9258,Liberec
22948,Lido di Classe
22968,Lido di Savio
8618,Liezen
2215,Lille
4468,Limoges
142,Lindau
6708,Linköping
541,Linz
43701,Lipno nad Vltavou
15458,Lipova
6148,Liptovský Mikuláš
13938,Lisbon
14688,Liverpool
35931,Livno
5468,Livorno
1935,Liège
46311,Lišov
47391,Ljig
1925,Ljubljana
9178,Ljubuški
22628,Lleida
5238,Lloret de Mar
16668,Loborika
19388,Locorotondo
3848,London
47891,London Heathrow
10488,Longarone
5288,Lons-le-Saunier
21768,Loreto
4478,Lorient
20198,"Los Angeles, CA"
46721,Loughborough
23198,Louny
13958,Lourosa
47771,Loučovice
16548,Lovran
24751,Lovrec
42951,Lubartów
43361,Lubań
16958,Lubenec
21618,Lubin
18638,Lublin
7978,Lucca
10648,Ludbreg
1484,Lugano
6438,Lugoj
47591,"Lumberton, NC"
6718,Lund
10757,Lunel
28611,Lutowiska
44581,Lutsk
172,Luxembourg
11378,Luzern
21028,Luzzi
47471,Lučany
25981,Lučenec
9808,Lviv
3498,Lyon
23721,Lyon Saint-Exupéry Airport
46281,Lásenice
100,Lörrach
547,Lübeck
7708,Lębork
42582,M.Kemal Paşa
48271,Maarheeze
1945,Maastricht
13968,Macedo de Cavaleiros
13448,Macerata
13508,Madrid
151,Magdeburg
13218,Maglaj
12948,Maglie
554,Mainz
9108,Makarska
38511,Makedonski Brod
45521,Mala Subotica
18378,Malaga
42302,Malatya
27581,Malbork
9958,Malinska
1064,Malmö
42312,Manavgat
14638,Manchester
21038,Mandatoriccio
12738,Manduria
8578,Manfredonia
13978,Mangualde
42322,Manisa
103,Mannheim
44511,Manresa
9528,Mantova
47851,"Marathon, FL"
46491,Margherita di Savoia
1955,Maribor
45611,Marija na Muri
33361,Marijampole
2438,Markdorf
1625,Marling (Marlengo)
42592,Marmaris
3508,Marseille
24561,Marseille Airport
12708,Martina Franca
29991,Martinsicuro
16658,Marčana
29771,Maslenica
16328,Massafra
8808,Matera
26261,Mazara del Vallo
45101,Maçka
23851,Mačvanska Mitrovica
30301,Mealhalda
44411,Mecitözü
15478,Medgidia
16558,Medveja
27561,Medyka
91,Meersburg
47311,Mekece
568,Memmingen
24671,Memmingen Airport
42602,Menemen
32651,Menfi
41291,Mengen (TR)
1615,Meran (Merano)
45351,Mercan
571,Merseburg
42612,Merzifon
572,Merzig
30131,Mesagne
14838,Messina
38771,Meta
9728,Metković
1965,Metz
574,Metzingen
9188,Međugorje
36621,"Miami, FL"
8678,Michalovce
11777,Middelfart
33621,Mielec
21628,Mielno
1194,Milan
10778,Milan Malpensa Airport
22878,Milano Marittima
42622,Milas
43661,Miličín
8028,Minsk
22988,Mirabilandia
13998,Mirandela
22808,Mirto Crosia
18818,Misano Adriatico
22388,Misterhult
3528,Mittenwald
47211,Międzyrzec Podlaski
22428,Mjölby
11847,Mladá Boleslav
18568,Mlawa
37251,"Mobile, AL"
5508,Modena
24211,Modica
22238,Modlin Airport
22018,Modrič
29811,Mohovo
14008,Moita da Serra
46021,Mojkovac
22718,Mola di Bari
13288,Molfetta
44541,Mollerusa
16478,Monfiorenzo
21058,Mongrassano
9318,Monopoli
11548,Montabaur
32661,Montallegro
18998,Montana
4558,Montauban
4568,Montbéliard
21068,Montecatini
20748,"Monterey, CA"
24111,Montesilvano
3548,Montpellier
9578,Montélimar
4588,Morlaix
21078,Mormanno
14028,Mortágua
50831,Moses Lake
23158,Most
16618,Most Raša
9228,Mostar
16568,Mošćenička Draga
21538,Mrzezyno
29971,Mrčajevci
18448,Muccia
41301,Mucur
8708,Mukachevo
3998,Mulhouse
94,Munich
585,Munich International Airport
25291,Murcia
10028,Murter
36801,Muráň
14038,Murça
31091,Muñana
31131,Muñochas
31121,Muñogalindo
42342,Muğla
42282,Muş
12088,Myślenice
15988,Mérida
217,Mönchengladbach
22418,Mönsterås
8188,Mühldorf
125,Münchberg
587,Münster
34011,Nakło Nad Notecią
3558,Namur
4618,Nancy
3568,Nantes
5408,Naples
23751,Naples Airport
39841,"Naples, FL"
4628,Narbonne
12758,Nardò
44071,Nasavrky
38461,Naumburg (Saale)
31001,Navamorales
30281,Nave
36441,Nazaré
42642,Nazilli
588,Neckarsulm
45501,Nedelišće
2908,Neschwitz
42871,Neumarkt am Wallersee
602,Neustadt in Holstein
46981,Nevesinje
42352,Nevşehir
47801,"New Haven, CT"
26291,"New Orleans, LA"
27821,"New York, NY"
47361,Newport (South Wales)
39441,"Niagara Falls, NY"
6608,Nice
27442,Nidzica
15838,Nin
8598,Niort
25431,Nitra
44321,Niš
38821,Nocera inferiore
147,Nordhausen
6728,Norrköping
47561,"North Augusta, SC"
45801,"North Bend, WA"
14728,Northampton
46581,Nottingham
45741,Nova Bila
9058,Nova Gradiška
46171,Nova Varoš
5428,Novara
17848,Novi Marof
30791,Novi Pazar
16818,Novi Sad
43981,Novi Travnik
16698,Novi Vinodolski
34221,Novohrad-Volynskyi
10048,Novska
25711,Nová Báňa
20088,Nowy Sącz
22568,Nowy Targ
4658,Noyelles-Godault
104,Nuremberg
10058,Nuštar
16438,Nyborg
6878,Nyköping
20828,Nykøbing Falster
12618,Nykøbing Mors
18868,Náchod
46461,Námestovo
3838,Nîmes
20328,"Oakland and East Bay, CA"
203,Oberhausen
7138,Odense
36461,Odesa
6448,Oeynhausen
41311,Of
617,Offenburg
38571,Ohrid
43641,Olbramovice
168,Oldenburg
14058,Oliveira do Hospital
5948,Olomouc
44491,Olot
27452,Olsztyn
36571,"Olympia, WA"
13498,Omiš
46231,Ondřejov
15488,Onești
20548,"Ontario, CA"
6458,Opatija
29821,Opatovac
1995,Opole
10088,Opuzen
17968,Orašje
42372,Ordu
27201,"Orem / Provo, UT"
42652,Orhangazi
3108,Orlamünde
36641,"Orlando, FL"
4668,Orléans
47691,Orlík nad Vltavou
42662,Ortaca
45301,Ortaköy (Aksaray)
10738,Orte
14488,Orthez
16838,Ortona
15638,Orăștie
15498,Orșova
10138,Osijek
21668,Osimo
22408,Oskarshamn
41321,Osmancık
621,Osnabrück
46421,Osová Bítýška
6038,Ostrava
18548,Ostroda
46381,Ostrov nad Oslavou
18598,Ostrowiec Swietokrzyski
12818,Ostuni
45831,Otočac
12958,Otranto
43041,Otrić - Seoci
5978,Otrokovice
8138,Ouistreham
16988,Oulx
25511,Oviedo
47321,Oğulpaşa
46411,Ořechov
31141,Padiernos
2005,Padua
10968,Paestum
45451,Paka
9738,Pakoštane
9398,Palermo
20918,"Palm Springs, CA"
46852,"Palmdale, CA"
24141,Palmi
45531,Palovec
30681,Pamplona
47331,Pamukova
33391,Panevezys
26781,Paola
5928,Pardubice
2015,Paris
23631,Paris CDG Airport
23641,Paris Orly Airport
6288,Parma
9818,Parndorf Designer Outlet
47651,Partille
7798,Pasewalk
44811,Pasinler
628,Passau
42672,Patnos
3608,Pau
41351,Pazar
22278,Pazardzhik
14988,Pazin
44021,Paços de Ferreira
21718,Pedaso
14098,Pedras Salgadas
44171,Pelhřimov
14108,Penafiel
3618,Perpignan
8818,Perugia
27161,Perušić
41341,Perşembe
8848,Pesaro
3028,Pescara
20028,Peschici
9458,Peschiera del Garda
30401,Peso da Régua
14618,Petrovac
15508,Petroșani
29831,Petrčane
632,Pforzheim
36371,"Philadelphia, PA"
20218,"Phoenix-Tempe, AZ"
3128,Piacenza
21808,Pian del Lago
38761,Piano di Sorrento
36771,Piding
31011,Piedrahita
21218,Pietrapaola
25761,Piešťany
45281,Pinarbasi
44651,Piraziz
9048,Pirovac
5478,Pisa
16948,Pisek
10398,Pistoia
15528,Pitești
10188,Pitomača
21888,Pizzo
19498,Piła
9248,Plailly (Parc Astérix)
43671,Planá nad Lužnicí
10258,Plitvice Lakes (Plitvička Jezera)
47071,Pljevlja
24811,Ploce
18558,Plock
19578,Ploermel
6468,Ploiești
16598,Plomin
46731,Plomin - Vidikovac
12308,Plovdiv
2025,Plzeň
46071,Podgorica
43951,Podgradina
10578,Poggibonsi
3628,Poitiers
24351,Polanica-Zdrój
42682,Polatlı
9778,Polača
27321,Polańczyk
18518,Policoro
9308,Polignano a Mare
9848,Poličnik
21398,Polkowice
24091,Polla
45761,Polyanytsya (Bukovel)
14118,Pombal
9478,Pompei
14128,Ponte da Barca
14138,Ponte de Lima
15968,Pontevedra
6168,Poprad
28521,Pordenone
9038,Poreč
28731,Port Aventura
36661,"Port St. Lucie, FL"
36531,"Portland, OR"
14068,Porto
38691,Porto Cesareo
9488,Porto d'Ascoli
32681,Porto Empedocle
9668,Porto Garibaldi
21678,Porto Recanati
21708,Porto San Giorgio
21698,Porto Sant'Elpidio
9018,Portorož
9838,Posedarje
9198,Posušje
8798,Potenza
641,Potsdam
12878,Považská Bystrica
2035,Poznań
16798,Požarevac
46131,Požega (Serbia)
1374,Prague
7848,Prato
45571,Prelog
45461,Presečno
6188,Prešov
20898,Prgomet
25781,Prievidza
46041,Prijepolje
38501,Prilep
15848,Privlaka
30391,Prnjavor
16648,Prodol
47711,Protivín
44181,"Providence, RI"
22118,Przemyśl
10228,Ptuj
13598,Puebla de Sanabria
30991,Puente de Congosto
14508,Puget-sur-Argens
8988,Pula
9978,Punat
19398,Putignano
2045,Puttgarden
19488,Puławy
45491,Pušćine
40031,Pärnu
39331,Pécs
4688,Périgueux
30531,Póvoa do Varzim
47791,Přední Výtoň
5958,Přerov
4718,Quimper
27761,Rabka-Zdrój
18588,Radom
47191,Radzyń Podlaski
14868,Ragusa
10318,Rakovica
47631,"Raleigh, NC"
7068,Randers
12438,Raubling
7788,Ravenna
651,Ravensburg
14958,Ravna Gora (odmorište)
12318,Razgrad
16728,Raša
43941,Rašeljke
44281,Raška
46121,Ražanj
47811,"Redwood City, CA"
44791,Refahiye
653,Regensburg
24151,Reggio Calabria
5448,Reggio Emilia
2608,Reims
3638,Rennes
20348,"Reno, NV"
158,Reutlingen
36791,Revúca
15578,Reșița
663,Rheinfelden
46161,Ribariće
12888,Riccione
27851,"Richmond, VA"
40091,Rieti
33321,Riga
6478,Rijeka
25971,Rimavská Sobota
3008,Rimini
42851,Ringe
16398,Ringsted
31041,Rivera de Corneja
20368,"Riverside, CA"
15878,Rivne
42392,Rize
10118,Rochefort
39421,"Rochester, NY"
14518,Rodange
20008,Rodi Garganico
3668,Roermond
15588,Roman
2075,Rome
23701,Rome Ciampino Airport
23691,Rome Fiumicino Airport
14848,Rosarno
669,Rosenheim
24101,Roseto degli Abruzzi
7148,Roskilde
18528,Rossano
139,Rostock
2548,Rotterdam
4738,Rouen
9908,Rovanjska
11108,Rovereto
15828,Rovinari
8978,Rovinj
46781,Rowy
27051,Rozewie
46081,Rožaje
47661,Rožmberk
25961,Rožnava
15598,Roșiorii de Vede
16428,Rudkøbing
2948,Rudolstadt
12328,Ruse
99,Rust (Europa-Park)
12788,Ruvo di Puglia
6138,Ružomberok
8728,Rzeszów
15548,Râmnicu Sărat
15558,Râmnicu Vâlcea
3678,Saalfeld
674,Saarbrücken
30291,Sabugal
29881,Sabunike
20228,"Sacramento, CA"
42692,Safranbolu
3708,Saint Jean de Luz
4768,Saint-Brieuc
4778,Saint-Dizier
18208,Saint-Gervais-Les-Bains
4748,Saint-Malo
4808,Saint-Étienne
4798,Saintes
42402,Sakarya
21238,Sala Consilina
13608,Salamanca
8108,Salerno
41361,Salihleraltı
42702,Salihli
20608,"Salinas, CA"
18188,Sallanches
5258,Salou
20618,"Salt Lake City, UT"
1554,Salzburg
678,Salzwedel
42412,Samsun
26281,"San Antonio, TX"
8748,San Benedetto del Tronto
20378,"San Bernardino, CA"
21118,San Cosmo Albanese
21128,San Demetrio Corone
20208,"San Diego, CA"
20308,"San Francisco, CA"
21138,San Giorgio Albanese
16978,San Giovanni Rotondo
20388,"San Jose, CA"
20698,"San Luis Obispo, CA"
28491,San Marco Argentano
30141,"San Marcos, TX"
31031,San Miguel de Corneja
12918,San Salvo
5268,San Sebastián
8658,San Severo
26421,San Vincenzo
39191,San Vito dei Normanni 
10518,San Vito di Cadore
28821,"San Ysidro, CA"
18608,Sandomierz
42712,Sandıklı
11748,Sangerhausen
2115,Sankt Pölten
27291,Sanok
12848,Sanremo
44481,Sant Feliu de Guixols
38751,Sant'Agnello
20668,"Santa Barbara, CA"
14158,Santa Comba Dão
44031,Santa Cruz do Bispo
20678,"Santa Cruz, CA"
31111,Santa Maria del Arroyo
28471,Santa Maria del Cedro
38711,Santa Maria di Leuca
20648,"Santa Maria, CA"
21148,Santa Sofia d'Epiro
15938,Santander
14168,Santarém
13248,Santhià
15958,Santiago de Compostela
30981,Santibañez de Bejar
13158,Sarajevo
39871,"Sarasota, FL"
41381,Sarayköy
22668,Sarbinowo
16488,Sarižol
28481,Sarno
18938,Saronno
45261,Sarıgöl
41391,Sarımsaklı
7888,Saumur
9498,Savona
46371,Sazomín
26571,Scalea
2348,Scharbeutz
23078,Schiavonea
1544,Schleiz
689,Schweinfurt
690,Schwerin
39391,"Scranton, PA"
36581,"Seattle, WA"
6488,Sebeș
991,Seefeld
41421,Seferihisar
20888,Seget Donji
14188,Seia
42921,Sejny
45241,Selimiye
22008,Seline
26801,Sellia Marina
41431,Selçuk
41441,Senirkent
16688,Senj
25521,Sereď
42722,Serik
9278,Serravalle Scrivia (Outlet)
24761,Sestanovac
37051,Sesvete
16248,Setubal
18388,Sevilla
44911,Seydişehir
43341,Seyitgazi
15618,Sfântu Gheorghe
43141,Sheffield
12338,Shumen
43381,Siauliai
14888,Sibari
6508,Sibiu
24081,Sicignano
32671,Siculiana
33511,Siedlce
694,Siegen
47201,Siemiatycze
6298,Siena
22738,Sieradz
2318,Sierksdorf (Hansa Park)
11787,Silkeborg
1354,Simbach
15658,Sinaia
2095,Singen
9118,Sinj
42422,Sinop
697,Sinsheim
27521,Sintra
11688,Siofok
14898,Siracusa
42432,Sivas
45201,Sivaslı
44741,Sivrihisar
12638,Skanderborg
18668,Skarzysko-Kamienna
11807,Skive
46391,Sklené nad Oslavou
16778,Skopje
10288,Skradin
10268,Skradinsko Polje
46501,Skövde
12648,Slagelse
25311,Slano
10168,Slatina (HR)
15668,Slatina (RO)
44051,Slatiňany
8958,Slavonski Brod
15678,Slobozia
9128,Slunj
24651,Smržovka
44601,Soblinec
18118,Soběslav
5348,Sofia
18858,Sokolov
41451,Solhan
24801,Solin
27311,Solina
2928,Soltau
7768,Sopot
21748,Sora
42742,Sorgun
13128,Sorrento
29911,Sotin
47621,"South Hill, VA"
21158,Spezzano Albanese
6178,Spišská Nová Ves
6558,Split
16258,Splügen
36591,"Spokane, WA"
227,Spremberg
47131,Srbobran
17948,Srebrenik
24501,Sremska Mitrovica
43961,Srđevići
2105,St. Gallen
20458,"St. George, UT"
7898,St. Michael
40001,"St. Petersburg, FL"
42861,St. Valentin
34581,Stalowa Wola
9788,Stankovci
34501,Stargard
9948,Starigrad (NP Paklenica)
46741,Starigrad (Senj)
27021,Starogard Gdański
5988,Staré Město u Uh. Hr.
37281,Steccato di Cutro
22068,Stegna
714,Stendal
1705,Sterzing (Vipiteno)
28091,Steyr
17098,Stockach
3798,Stockholm
24531,Stockholm Arlanda T 2/3
24521,Stockholm Arlanda T 4
27081,Stockholm Skavsta Airport
14748,Stoke on Trent
24691,Ston
30071,Strakonice
106,Strasbourg
22778,Strongoli Marina
38551,Struga
34191,Strzelce Opolskie
46291,Stráž nad Nežárkou
6018,Studénka
101,Stuttgart
24471,Subotica
15688,Suceava
6008,Suchdol nad Odrou
9868,Sukošan
13378,Sulmona
44721,Sultanhisar
41461,Suluova
47421,Sulusaray
41471,Sungurlu
41501,Susurluk
29461,Sutomore
25661,Suwałki
41491,Suşehri
45401,Sv. Ivan Zelina
45551,Sv. Juraj u Trnju
45671,Sv. Kirin
9888,Sveti Filip i Jakov
16498,Sveti Marko
14968,Svetvinčenat
16808,Svilajnac
46681,Swansea
43021,Swornegacie
39411,"Syracuse, NY"
28151,Szczawnica
2125,Szczecin
28791,Szczecin Lotnisko Goleniów
19528,Szczecinek
12358,Szeged
24611,Szklarska Poręba
22078,Sztutowo
14178,São João da Madeira
22348,Söderköping
6748,Södertälje
42732,Söke
16408,Sønderborg
41481,Sürmene
7748,Słubice
7658,Słupsk
36601,"Tacoma, WA"
10498,Tai di Cadore
40011,Tallinn
39831,"Tampa, FL"
24631,Tanvald
21168,Taormina
9338,Taranto
4878,Tarbes
15098,Tarnów
5278,Tarragona
21178,Tarsia
42752,Tatvan
40491,Tavas
42762,Tavşanlı
40481,Taşköprü
15748,Tecuci
40631,Tefenni
15758,Teiuș
45971,Tekija
42881,Tekirdağ
42772,Tekkeköy
39791,"Temple, TX"
8838,Teramo
40621,Tercan
46961,Terespol
42782,Terme
10938,Termoli
9598,Terni
36471,Ternopil
38541,Tetovo
1825,The Hague
12938,Thiers
4888,Thionville
12658,Thisted
17248,Thun
6518,Timișoara
2358,Timmendorfer Strand
40061,Tirana
40611,Tirebolu
10068,Tisno
36811,Tisovec
95,Titisee-Neustadt
14608,Tivat
14948,Todi
42462,Tokat
32481,Toledo
30621,Tomar
9218,Tomislavgrad
14208,Tondela
42971,Toprakcuma
26681,Torano Castello
13618,Tordesillas
22798,Torre Melissa
30631,Torres Novas
30501,Torres vedras
22818,Torretta Crucoli
26581,Tortora
45141,Torul
7598,Toruń
40601,Tosya
4908,Toulon
3728,Toulouse
23761,Toulouse Blagnac Airport
4928,Tours
42472,Trabzon
45991,Trajanova Tabla
43391,Trakai
13268,Trani
35881,Travnik
46991,Trebinje
3738,Trento
12868,Trenčín
10478,Treviso
44081,Trhová Kamenice
10018,Tribunj
173,Trier
2145,Trieste
23771,Trieste Airport
9138,Trilj
18928,Trnava (SK)
6528,Trogir
4938,Troyes
45881,Trošti
46141,Trstenik
46771,Tuchola
20258,"Tucson, AZ"
30701,Tudela
15818,Tulcea
11118,Tulle
6598,Tullnerfeld
45891,Tunel Učka - Istok
45781,Tunel Učka - zapad
12238,Turda
42532,Turgutlu
42802,Turhal
30441,Turi
2618,Turin
47461,Turnov
17838,Turčin
45041,Tutak
17938,Tuzla
46451,Tvrdošín
7818,Tábor
44531,Tárrega
15718,Târgoviște
15728,Târgu Frumos
15738,Târgu Jiu
15808,Târgu Secuiesc
159,Tübingen
15708,Tălmaciu
22708,Třeboň
25101,Třebíč
6088,Třinec
9148,Udbina
9268,Udine
39201,Ugento 
21608,Uherské Hradište
21598,Uherský Brod
2958,Uhlstaedt
44871,Ula
733,Ulm
22458,Ulricehamn
40591,Uluborlu
47151,Ulus
8938,Umag
36481,Uman
6768,Uppsala
24221,Urbino
42792,Urla
2278,Usedom
11128,Ussel
42991,Ustka
19538,Ustronie Morskie
27361,Ustrzyki Dolne
27331,Ustrzyki Górne
1324,Utrecht
8698,Uzhhorod
42482,Uşak
44241,Užice
21198,Vaccarizzo Albanese
37651,Vaduz
14218,Vagos
40561,Vakfıkebir
24121,Val Vomano
16458,Valbruna
22358,Valdemarsvik
4958,Valence (France)
22618,Valencia
13628,Valladolid
10148,Valpovo
42492,Van
4988,Vannes
10218,Varaždin
45471,Varaždin Breg
12348,Varna
15768,Vaslui
10898,Vasto
15778,Vatra Dornei
46441,Vatín
740,Vechta
11817,Vejen
5328,Vejle
35911,Velika Kladuša
16758,Veliko Gradište
10308,Veljun
46431,Velká Bíteš
2155,Venice
23238,Venice Airport
5148,Venlo
26701,Ventimiglia
28721,"Ventura, CA"
12988,Verdun
13638,Verin
2165,Verona
9588,Verrès
14568,Versailles
43681,Veselí nad Lužnicí
14238,Viana do Castelo
14918,Vibo Valentia
7228,Viborg
44501,Vic
7858,Vicenza
38731,Vico Equense
20408,"Victorville, CA"
30751,Vidago
19008,Vidin
45621,Vidovec Donji
36221,Vielha
1394,Vienna
2988,Vienna Airport
20038,Vieste
15978,Vigo
14248,Vila Pouca de Aguiar
14258,Vila Real
14268,Vilar Formoso
21208,Villa San Giovanni
8308,Villach
31051,Villafranca de la Sierra
31071,Villatoro
8568,Villefranche-sur-Saône
39951,Villetelle
747,Villingen-Schwenningen
33401,Vilnius
30101,Vimperk
8898,Vinkovci
36431,Vinnytsia
15858,Vir
10178,Virovitica
39781,"Visalia, CA"
14278,Viseu
16228,Visoko
38891,Viterbo
17688,Vitez
13648,Vitoria-Gasteiz
47021,Višegrad
8918,Vodice
9608,Vodnjan
37741,Vodňany
16318,Voiron
46351,Vojnův Městec
30081,Volyně
43651,Votice
16608,Vozilići
19018,Vratsa
47121,Vrbas
42961,Vrgorac
46151,Vrnjačka Banja
21968,Vrpolje
6128,Vrútky
10128,Vukovar
47671,Vyšší Brod
6918,Västervik
6778,Västerås
24581,Vöcklabruck
47751,Větřní
30161,"Waco, TX"
1564,Wangen
140,Warnemünde
47971,Warrington
7568,Warsaw
27841,"Washington, D.C."
761,Weiden in der Oberpfalz
763,Weimar
1124,Weißenfels
2185,Wels
45791,"Wenatchee, WA"
46791,Werbkowice
36651,"West Palm Beach, FL"
6548,Wiener Neustadt
779,Wiesbaden
3768,Winterthur
2195,Wismar
2868,Wittichenau
11288,Wolpertshausen
20838,Wroclaw Airport
1765,Wrocław
171,Wuppertal
111,Würzburg
19508,Władysławowo
18618,Włocławek
42502,Yalova
40551,Yalvaç
46091,Yaremche
46101,Yasinya
40541,Yatağan
40521,Yenice (Çanakkale)
44931,Yenipazar (Aydın)
40531,Yeniçağa
42822,Yenişehir (Bursa)
47441,Yeşilyurt
46621,York
42512,Yozgat
20598,"Yuma, AZ"
16088,Yvetot
40511,Yıldızeli
45861,Zabrežani
22308,Zabrze
6538,Zadar
24771,Zadvarje
16588,Zagorje
2205,Zagreb
44591,Zagreb Dubrava
43031,Zagvozd
27261,Zagórz
8738,Zakopane
13668,Zamora
34451,Zamość
40501,Zara
21908,Zaragoza
43371,Zatoka
26381,Zaton
1134,Zeitz
18158,Zempin
13188,Zenica
12508,Zgorzelec
15888,Zhytomyr
7618,Zielona Góra
18068,Zinnowitz
18088,Zirchow
8478,Zittau
47401,Zlatibor
47741,Zlatá Koruna
25721,Zlaté Moravce
6258,Znojmo
42522,Zonguldak
89,Zurich
25171,Zurich Airport
12048,Zvolen
795,Zweibrücken
796,Zwickau
5938,Zábřeh na Moravě
46111,Záhony
40711,Çan
41712,Çanakkale
40721,Çandarlı
42891,Çankırı
41722,Çarşamba
40731,Çarşıbaşı
40741,Çavdır
40751,Çay
41732,Çaycuma
40761,Çayeli
44441,Çerkezköy
47261,Çerkeşli
40771,Çeşme
40801,Çine
41762,Çivril
45921,Çorlu
41772,Çorum
14388,Étampes
4338,Étretat
22438,Ödeshög
6738,Örebro
45941,Övündü - Gumushane
41331,Özdere
46241,Ústrašín
36491,Ústí nad Orlicí 
730,Überlingen
18098,Ückeritz
42812,Ünye
40571,Ürkmez
6108,Čadca
10658,Čakovec
9238,Čapljina
28271,Čačak
45561,Čehovec
17648,Černá v Pošumaví
46211,Česká Bělá
1805,České Budějovice
7838,Český Krumlov
6078,Český Těšín
47701,Čimelice
9158,Čitluk
30091,Čkyně
16508,Čubani
18138,Đakovo
10198,Đurđevac
43351,İhsaniye
41131,İmranlı
42082,İnegöl
45951,İsabeyli
40151,İstanbul
41151,İyidere
42122,İzmir
41161,İznik
26241,Łeba
25651,Łomża
28531,Łowicz
7588,Łódź
47141,Świdnik
22288,Świebodzin
41401,Şarkikaraağaç
41411,Şarkışla
45851,Šaini
29891,Šarengrad
6498,Šibenik
9208,Široki Brijeg
45681,Škicini
45511,Štefanec
6158,Štrba
43321,Štrmac
36781,Štítnik
46301,Štěpánovice
36071,Šuica
24331,Żnin
22158,Żory
47081,Žabljak
25701,Žarnovica
44091,Ždírec nad Doubravou
38621,Želino
13208,Žepče
25681,Žiar nad Hronom
6118,Žilina
14978,Žminj
8878,Županja
46361,Žďár nad Sázavou
15698,Țăndărei
